-- ============================================================
-- Seed: Тестовые данные заведений Самары
-- Запуск: supabase db execute --project-ref bucxawpwttvtwdwdtuhh --file supabase/seeds/samara_test_data.sql
-- ============================================================

DO $$
DECLARE
  -- Категории заведений (из store_categories)
  cat_coffee    UUID;
  cat_rest      UUID;
  cat_bakery    UUID;
  cat_fastfood  UUID;
  cat_pizza     UUID;
  cat_sushi     UUID;
  cat_bar       UUID;
  cat_confect   UUID;

  -- ID заведений
  s1 UUID := gen_random_uuid();  -- Кофейня «Пробуждение»
  s2 UUID := gen_random_uuid();  -- Ресторан «Волга»
  s3 UUID := gen_random_uuid();  -- Пекарня «Калач»
  s4 UUID := gen_random_uuid();  -- Суши-бар «Сакура»
  s5 UUID := gen_random_uuid();  -- Бургерная «Грильяж»
  s6 UUID := gen_random_uuid();  -- Пиццерия «Formaggio»
  s7 UUID := gen_random_uuid();  -- Кондитерская «Сахарок»
  s8 UUID := gen_random_uuid();  -- Бар «Дубовый»

  -- Глобальные категории меню
  mc_coffee    UUID := gen_random_uuid();
  mc_tea       UUID := gen_random_uuid();
  mc_pastry    UUID := gen_random_uuid();
  mc_hot       UUID := gen_random_uuid();
  mc_salads    UUID := gen_random_uuid();
  mc_desserts  UUID := gen_random_uuid();
  mc_drinks    UUID := gen_random_uuid();
  mc_sushi     UUID := gen_random_uuid();
  mc_rolls     UUID := gen_random_uuid();
  mc_burgers   UUID := gen_random_uuid();
  mc_sides     UUID := gen_random_uuid();
  mc_pizza     UUID := gen_random_uuid();
  mc_beer      UUID := gen_random_uuid();
  mc_cocktails UUID := gen_random_uuid();
  mc_snacks    UUID := gen_random_uuid();

BEGIN
  -- Получаем ID категорий заведений
  SELECT id INTO cat_coffee   FROM public.store_categories WHERE name = 'Кофейня';
  SELECT id INTO cat_rest     FROM public.store_categories WHERE name = 'Ресторан';
  SELECT id INTO cat_bakery   FROM public.store_categories WHERE name = 'Пекарня';
  SELECT id INTO cat_fastfood FROM public.store_categories WHERE name = 'Фаст-фуд';
  SELECT id INTO cat_pizza    FROM public.store_categories WHERE name = 'Пиццерия';
  SELECT id INTO cat_sushi    FROM public.store_categories WHERE name = 'Суши-бар';
  SELECT id INTO cat_bar      FROM public.store_categories WHERE name = 'Бар';
  SELECT id INTO cat_confect  FROM public.store_categories WHERE name = 'Кондитерская';

  -- ============================================================
  -- ЗАВЕДЕНИЯ (stores)
  -- Все координаты — реальные улицы Самары
  -- ============================================================
  INSERT INTO public.stores(id, name, address, phone, working_hours, store_category_id) VALUES
    (s1, 'Кофейня «Пробуждение»',   'ул. Куйбышева, 98',            '+7 (846) 210-11-22', 'Пн-Пт 7:30–22:00, Сб-Вс 8:00–23:00',  cat_coffee),
    (s2, 'Ресторан «Волга»',         'Волжский пр., 4',              '+7 (846) 930-55-66', 'Ежедневно 11:00–01:00',                 cat_rest),
    (s3, 'Пекарня «Калач»',          'ул. Молодогвардейская, 74',    '+7 (846) 270-33-44', 'Ежедневно 7:00–21:00',                  cat_bakery),
    (s4, 'Суши-бар «Сакура»',        'пр. Ленина, 2',                '+7 (846) 315-77-88', 'Ежедневно 11:00–23:00',                 cat_sushi),
    (s5, 'Бургерная «Грильяж»',      'ул. Садовая, 261',             '+7 (846) 222-44-55', 'Ежедневно 10:00–00:00',                 cat_fastfood),
    (s6, 'Пиццерия «Formaggio»',     'ул. Ленинградская, 77',        '+7 (846) 355-66-77', 'Ежедневно 11:00–23:00',                 cat_pizza),
    (s7, 'Кондитерская «Сахарок»',   'ул. Некрасовская, 56',         '+7 (846) 280-99-11', 'Пн-Сб 9:00–21:00, Вс 10:00–20:00',     cat_confect),
    (s8, 'Бар «Дубовый»',            'пр. Масленникова, 14',         '+7 (846) 290-22-33', 'Ежедневно 16:00–03:00',                 cat_bar);

  -- ============================================================
  -- ГЕОЛОКАЦИИ (vector_map.store_locations)
  -- Формат: upsert_store_location(store_id, lng, lat, color)
  -- Центр Самары: ~53.200° N, 50.160° E
  -- ============================================================
  PERFORM public.upsert_store_location(s1, 50.1638, 53.1948, '#6D4C41'); -- Кофейня      (коричневый)
  PERFORM public.upsert_store_location(s2, 50.1447, 53.1882, '#1565C0'); -- Ресторан     (синий)
  PERFORM public.upsert_store_location(s3, 50.1747, 53.2001, '#EF6C00'); -- Пекарня      (оранжевый)
  PERFORM public.upsert_store_location(s4, 50.1866, 53.2031, '#E91E63'); -- Суши-бар     (розовый)
  PERFORM public.upsert_store_location(s5, 50.1548, 53.2054, '#C62828'); -- Бургерная    (красный)
  PERFORM public.upsert_store_location(s6, 50.1703, 53.1977, '#2E7D32'); -- Пиццерия     (зелёный)
  PERFORM public.upsert_store_location(s7, 50.1773, 53.1891, '#6A1B9A'); -- Кондитерская (фиолетовый)
  PERFORM public.upsert_store_location(s8, 50.2178, 53.2092, '#37474F'); -- Бар          (тёмно-серый)

  -- ============================================================
  -- КАТЕГОРИИ МЕНЮ (глобальные, store_id = NULL)
  -- ============================================================
  INSERT INTO public.categories(id, name, store_id) VALUES
    (mc_coffee,    'Кофе',             NULL),
    (mc_tea,       'Чай и напитки',    NULL),
    (mc_pastry,    'Выпечка',          NULL),
    (mc_hot,       'Горячие блюда',    NULL),
    (mc_salads,    'Салаты',           NULL),
    (mc_desserts,  'Десерты',          NULL),
    (mc_drinks,    'Напитки',          NULL),
    (mc_sushi,     'Суши',             NULL),
    (mc_rolls,     'Роллы',            NULL),
    (mc_burgers,   'Бургеры',          NULL),
    (mc_sides,     'Закуски',          NULL),
    (mc_pizza,     'Пицца',            NULL),
    (mc_beer,      'Пиво',             NULL),
    (mc_cocktails, 'Коктейли',         NULL),
    (mc_snacks,    'Закуски к пиву',   NULL);

  -- ============================================================
  -- МЕНЮ — Кофейня «Пробуждение»
  -- ============================================================
  INSERT INTO public.menu_items(store_id, category_id, name, description, price, is_available) VALUES
    (s1, mc_coffee,  'Эспрессо',            'Насыщенный эспрессо из зёрен арабики, обжарка средняя',              120, true),
    (s1, mc_coffee,  'Капучино',            'Двойной эспрессо с бархатным взбитым молоком',                       190, true),
    (s1, mc_coffee,  'Латте',               'Мягкий кофе с большим количеством молока и лёгкой пенкой',          210, true),
    (s1, mc_coffee,  'Флэт Уайт',           'Концентрированный ристретто с шёлковым молоком',                    220, true),
    (s1, mc_coffee,  'Раф классический',    'Эспрессо, сливки и ванильный сахар — взбиваются вместе',            250, true),
    (s1, mc_coffee,  'Американо',           'Эспрессо, разбавленный горячей водой, 350 мл',                      160, true),
    (s1, mc_coffee,  'Дрип кофе',           'Фильтровый кофе пуровер, меняется ежедневно',                       200, true),
    (s1, mc_tea,     'Чай чёрный',          'Цейлонский крупнолистовой в чайнике на 2 чашки',                    150, true),
    (s1, mc_tea,     'Матча латте',         'Японский зелёный чай маття с молоком',                              230, true),
    (s1, mc_tea,     'Имбирный лимонад',    'Имбирь, лимон, мёд, газированная вода',                            200, true),
    (s1, mc_pastry,  'Круассан масляный',   'Французский слоёный круассан из сливочного масла',                  180, true),
    (s1, mc_pastry,  'Чизкейк Нью-Йорк',   'Классический запечённый чизкейк с ягодным конфитюром',              280, true),
    (s1, mc_pastry,  'Тирамису',            'Итальянский десерт с маскарпоне, савоярди и кофе',                 290, true),
    (s1, mc_pastry,  'Авокадо-тост',        'Поджаренный хлеб с авокадо, яйцом пашот и микрозеленью',           320, true);

  -- ============================================================
  -- МЕНЮ — Ресторан «Волга»
  -- ============================================================
  INSERT INTO public.menu_items(store_id, category_id, name, description, price, is_available) VALUES
    (s2, mc_salads,  'Греческий',           'Помидоры, огурцы, маслины, красный лук, сыр фета',                  390, true),
    (s2, mc_salads,  'Цезарь с курицей',    'Запечённое куриное филе, сухарики, пармезан, соус Цезарь',          420, true),
    (s2, mc_salads,  'Оливье домашний',     'Говядина, картофель, морковь, горошек, солёный огурец',            360, true),
    (s2, mc_hot,     'Стейк из сёмги',      'Сёмга на гриле, лимонно-каперсный соус, жасминовый рис',           890, true),
    (s2, mc_hot,     'Рибай на углях',      'Мраморная говядина 300 г, соус демиглас, картофель дофинуа',       1490, true),
    (s2, mc_hot,     'Паста карбонара',     'Спагетти, гуанчале, яйцо, пармезан, чёрный перец',                 550, true),
    (s2, mc_hot,     'Борщ с говядиной',    'Традиционный с косточкой, сметана, ржаной хлеб',                   390, true),
    (s2, mc_hot,     'Уха из судака',       'Классическая волжская уха, зелень, гренки',                        450, true),
    (s2, mc_hot,     'Плов узбекский',      'Баранина, рис девзира, зира, чеснок, морковь',                     520, true),
    (s2, mc_desserts,'Наполеон',            'Классический торт из слоёного теста с заварным кремом',            320, true),
    (s2, mc_desserts,'Блины с икрой',       'Тонкие блины, красная икра, сметана',                              580, true),
    (s2, mc_drinks,  'Морс клюквенный',     'Натуральный морс из свежей клюквы',                                180, true),
    (s2, mc_drinks,  'Лимонад домашний',    'Мята, лимон, огурец, газ',                                         220, true);

  -- ============================================================
  -- МЕНЮ — Пекарня «Калач»
  -- ============================================================
  INSERT INTO public.menu_items(store_id, category_id, name, description, price, is_available) VALUES
    (s3, mc_pastry,  'Калач самарский',     'Традиционная мягкая булочка с хрустящей корочкой',                   80, true),
    (s3, mc_pastry,  'Ватрушка с творогом', 'Открытый дрожжевой пирог с нежной творожной начинкой',             120, true),
    (s3, mc_pastry,  'Пирог с капустой',    'Слоёный пирог с тушёной капустой и варёным яйцом',                 150, true),
    (s3, mc_pastry,  'Эклер',               'Заварное пирожное с кремом патисьер и шоколадной глазурью',        160, true),
    (s3, mc_pastry,  'Хлеб бородинский',    'Ржаной на закваске с кориандром, буханка 400 г',                   180, true),
    (s3, mc_pastry,  'Синнабон',            'Дрожжевая булочка с корицей и сливочной глазурью',                 200, true),
    (s3, mc_pastry,  'Круассан с ветчиной', 'Масляный круассан с ветчиной и сыром эмменталь',                   210, true),
    (s3, mc_pastry,  'Булочка с маком',     'Мягкая дрожжевая булочка с маковой начинкой',                       90, true),
    (s3, mc_coffee,  'Кофе с собой',        'Капучино 400 мл в стакане',                                        180, true),
    (s3, mc_tea,     'Чай в стакане',       'Чёрный или зелёный, 400 мл',                                       100, true);

  -- ============================================================
  -- МЕНЮ — Суши-бар «Сакура»
  -- ============================================================
  INSERT INTO public.menu_items(store_id, category_id, name, description, price, is_available) VALUES
    (s4, mc_sushi,   'Сёмга классик',       '2 шт нигири со свежим лососем',                                    220, true),
    (s4, mc_sushi,   'Тунец',               '2 шт нигири с тунцом bluefin',                                     240, true),
    (s4, mc_sushi,   'Угорь',               '2 шт нигири с угрём под соусом унаги',                             260, true),
    (s4, mc_sushi,   'Тамаго',              '2 шт нигири с японским омлетом',                                   160, true),
    (s4, mc_rolls,   'Филадельфия',         'Лосось, сливочный сыр «Philadelphia», огурец — 8 шт',              550, true),
    (s4, mc_rolls,   'Калифорния',          'Краб, авокадо, огурец, икра тобико — 8 шт',                        480, true),
    (s4, mc_rolls,   'Дракон',              'Угорь внутри, авокадо снаружи — 8 шт',                             620, true),
    (s4, mc_rolls,   'Спайси тунец',        'Рубленый тунец со спайси-соусом, рис — 8 шт',                      520, true),
    (s4, mc_rolls,   'Радуга',              'Ассорти рыбы снаружи, криспи рис — 8 шт',                          650, true),
    (s4, mc_rolls,   'Сет «Сакура» 32 шт', 'Ассорти роллов и нигири для компании',                            1490, true),
    (s4, mc_drinks,  'Чай Генмайча',        'Японский зелёный чай с обжаренным рисом',                          180, true),
    (s4, mc_drinks,  'Мисо суп',            'Паста мисо, тофу, водоросли вакамэ, зелёный лук',                 160, true);

  -- ============================================================
  -- МЕНЮ — Бургерная «Грильяж»
  -- ============================================================
  INSERT INTO public.menu_items(store_id, category_id, name, description, price, is_available) VALUES
    (s5, mc_burgers, 'Классик',             'Говяжья котлета 180 г, салат, помидор, маринованный огурец',        390, true),
    (s5, mc_burgers, 'Смоки BBQ',           'Котлета, бекон, чеддер, луковый джем, соус BBQ',                   490, true),
    (s5, mc_burgers, 'Чикен Криспи',        'Хрустящее куриное бедро, соус ранч, маринованная капуста',         380, true),
    (s5, mc_burgers, 'Двойной Чиз',         'Две котлеты 150 г, двойной чеддер, специальный соус',              560, true),
    (s5, mc_burgers, 'Веган Зелёный',       'Растительная котлета Beyond, авокадо, шпинат, томат',              430, true),
    (s5, mc_sides,   'Картошка фри',        'Хрустящий картофель с соусом на выбор',                            180, true),
    (s5, mc_sides,   'Луковые кольца',      'В темпурном кляре, соус чили-майо',                               200, true),
    (s5, mc_sides,   'Наггетсы ×6',        'Куриные наггетсы с соусом карри',                                  220, true),
    (s5, mc_sides,   'Чили-сырный соус',    'Острый сырный соус для макания, 80 мл',                             80, true),
    (s5, mc_drinks,  'Шейк Vanilla',        'Молочный коктейль с ванильным мороженым, 400 мл',                  250, true),
    (s5, mc_drinks,  'Лимонад Тропик',      'Маракуйя, манго, апельсин на дроблёном льду',                     230, true);

  -- ============================================================
  -- МЕНЮ — Пиццерия «Formaggio»
  -- ============================================================
  INSERT INTO public.menu_items(store_id, category_id, name, description, price, is_available) VALUES
    (s6, mc_pizza,   'Маргарита',           'Томатный соус, моцарелла, базилик, оливковое масло — 30 см',        490, true),
    (s6, mc_pizza,   'Пепперони',           'Томатный соус, моцарелла, острая салями — 30 см',                  550, true),
    (s6, mc_pizza,   'Четыре сыра',         'Моцарелла, дорблю, пармезан, чеддер, базилик — 30 см',            620, true),
    (s6, mc_pizza,   'Прошутто Фунги',      'Пармская ветчина, шампиньоны, моцарелла, трюфельное масло — 30 см',580, true),
    (s6, mc_pizza,   'Дьябло',              'Острая чоризо, халапеньо, томат, чили-масло — 30 см',              560, true),
    (s6, mc_pizza,   'Карбонара',           'Бекон, яйцо, пармезан, сливочный соус, перец — 30 см',            570, true),
    (s6, mc_salads,  'Руккола с прошутто',  'Руккола, вяленые томаты, пармезан, бальзамический крем',          380, true),
    (s6, mc_desserts,'Панна котта',         'Сливочный десерт с ягодным соусом',                               280, true),
    (s6, mc_drinks,  'Лимонад Italian',     'Базилик, лимон, сахарный сироп, газ',                             220, true);

  -- ============================================================
  -- МЕНЮ — Кондитерская «Сахарок»
  -- ============================================================
  INSERT INTO public.menu_items(store_id, category_id, name, description, price, is_available) VALUES
    (s7, mc_desserts,'Медовик',             'Классический медовый торт со сметанным кремом, кусок 180 г',        320, true),
    (s7, mc_desserts,'Птичье молоко',       'Суфле с агар-агаром в шоколадной глазури, кусок 180 г',            290, true),
    (s7, mc_desserts,'Макарон ×3',         'Французское миндальное пирожное, ассорти вкусов',                  270, true),
    (s7, mc_desserts,'Бисквитный рулет',    'С клубничным джемом и взбитыми сливками, кусок 150 г',            230, true),
    (s7, mc_desserts,'Эклер шоколадный',    'Заварное тесто, крем патисьер, тёмный шоколад',                   180, true),
    (s7, mc_desserts,'Тарт лимонный',       'Хрустящая песочная основа с лимонным курдом и меренгой',          310, true),
    (s7, mc_pastry,  'Круассан шоколадный', 'Слоёный круассан с ганашем из горького шоколада',                 210, true),
    (s7, mc_pastry,  'Корзиночка с ягодами','Песочная корзинка с кремом муслин и свежими ягодами',             190, true),
    (s7, mc_coffee,  'Какао горячее',       'Натуральный какао с молоком, взбитые сливки, маршмеллоу',         200, true),
    (s7, mc_tea,     'Чай + пирожное',      'Любой чай в чайнике + пирожное дня на выбор',                    280, true);

  -- ============================================================
  -- МЕНЮ — Бар «Дубовый»
  -- ============================================================
  INSERT INTO public.menu_items(store_id, category_id, name, description, price, is_available) VALUES
    (s8, mc_beer,     'Жигулёвское разливное','Классическое самарское светлое, 0.5 л',                           190, true),
    (s8, mc_beer,     'Вайцен',               'Пшеничное нефильтрованное, 0.5 л',                               250, true),
    (s8, mc_beer,     'Стаут «Чёрная ночь»',  'Тёмное ирландское, насыщенный вкус, 0.4 л',                     280, true),
    (s8, mc_beer,     'IPA Жигулёвский',      'Индийский пэйл-эль, цитрусовый аромат, 0.5 л',                  270, true),
    (s8, mc_cocktails,'Апероль Шприц',        'Апероль, просекко, газ, долька апельсина, 300 мл',               450, true),
    (s8, mc_cocktails,'Мохито классик',       'Белый ром, лайм, мята, сахарный сироп, сода',                   420, true),
    (s8, mc_cocktails,'Маргарита',            'Серебряная текила, лаймовый сок, куантро, солёный обод',         480, true),
    (s8, mc_cocktails,'Олд Фэшнд',           'Бурбон, ангостура, кубик сахара, апельсиновая цедра',            520, true),
    (s8, mc_cocktails,'Негрони',              'Джин, кампари, сладкий вермут, лёд, апельсин',                  490, true),
    (s8, mc_snacks,   'Сырная тарелка',       'Ассорти 5 сыров, мёд, орехи, виноград, крекеры',                650, true),
    (s8, mc_snacks,   'Крылышки Buffalo',     'Острые куриные крылышки, сельдерей, соус ранч',                  480, true),
    (s8, mc_snacks,   'Нарезка мясная',       'Ветчина, колбасная нарезка, маринованные огурцы, хлеб',          590, true),
    (s8, mc_snacks,   'Чесночный хлеб',       'Хрустящий хлеб с чесночным маслом и зеленью',                   220, true);

  -- ============================================================
  -- АБОНЕМЕНТЫ (subscriptions)
  -- ============================================================
  INSERT INTO public.subscriptions(store_id, name, price, duration_days, total_uses, coverage_rules, time_rules, usage_limits) VALUES
    -- Кофейня: карточка на 10 кофе
    (s1, 'Кофейная карта × 10',         900, 30, 10,
     '{"type":"include_categories"}'::jsonb,
     '{"weekdays":[1,2,3,4,5,6,7],"time_start":"07:30","time_end":"22:00"}'::jsonb,
     '{"daily_limit":2,"min_interval_hours":1}'::jsonb),
    -- Кофейня: утренний безлимит на месяц (пн-пт до 10:00)
    (s1, 'Утренний кофе — месяц',       2500, 30, 0,
     '{"type":"include_categories"}'::jsonb,
     '{"weekdays":[1,2,3,4,5],"time_start":"07:30","time_end":"10:00"}'::jsonb,
     '{"daily_limit":1}'::jsonb),
    -- Ресторан: бизнес-ланч × 10
    (s2, 'Бизнес-ланч × 10',           3500, 30, 10,
     '{"type":"all"}'::jsonb,
     '{"weekdays":[1,2,3,4,5],"time_start":"11:00","time_end":"15:00"}'::jsonb,
     '{"daily_limit":1,"min_order_amount":400}'::jsonb),
    -- Пекарня: хлебная карточка × 20
    (s3, 'Хлебная карточка × 20',       800, 30, 20,
     '{"type":"all"}'::jsonb,
     '{"weekdays":[1,2,3,4,5,6,7],"time_start":"07:00","time_end":"21:00"}'::jsonb,
     '{"daily_limit":3}'::jsonb),
    -- Суши-бар: карта роллов × 5
    (s4, 'Карта роллов × 5',            2200, 30,  5,
     '{"type":"all"}'::jsonb,
     '{"weekdays":[1,2,3,4,5,6,7],"time_start":"11:00","time_end":"22:00"}'::jsonb,
     '{"daily_limit":1}'::jsonb),
    -- Бургерная: бургер-абонемент × 8
    (s5, 'Бургер-карта × 8',            2800, 30,  8,
     '{"type":"include_categories"}'::jsonb,
     '{"weekdays":[1,2,3,4,5,6,7],"time_start":"10:00","time_end":"22:00"}'::jsonb,
     '{"daily_limit":1}'::jsonb),
    -- Пиццерия: пицца на месяц × 8
    (s6, 'Пицца-карта × 8',             3200, 30,  8,
     '{"type":"include_categories"}'::jsonb,
     '{"weekdays":[1,2,3,4,5,6,7],"time_start":"11:00","time_end":"22:00"}'::jsonb,
     '{"daily_limit":1}'::jsonb),
    -- Кондитерская: сладкая карта × 10
    (s7, 'Сладкая карта × 10',          1800, 30, 10,
     '{"type":"all"}'::jsonb,
     '{"weekdays":[1,2,3,4,5,6,7]}'::jsonb,
     '{"daily_limit":2}'::jsonb),
    -- Бар: пивная карта × 15 (Чт-Вс)
    (s8, 'Пивная карта × 15',           2100, 30, 15,
     '{"type":"include_categories"}'::jsonb,
     '{"weekdays":[4,5,6,7],"time_start":"16:00","time_end":"02:00"}'::jsonb,
     '{"daily_limit":5}'::jsonb);

END; $$;
